-- phpMyAdmin SQL Dump
-- version 4.8.5
-- https://www.phpmyadmin.net/
--
-- Host: 127.0.0.1
-- Generation Time: Feb 10, 2020 at 06:34 PM
-- Server version: 10.1.39-MariaDB
-- PHP Version: 7.1.29

SET SQL_MODE = "NO_AUTO_VALUE_ON_ZERO";
SET AUTOCOMMIT = 0;
START TRANSACTION;
SET time_zone = "+00:00";


/*!40101 SET @OLD_CHARACTER_SET_CLIENT=@@CHARACTER_SET_CLIENT */;
/*!40101 SET @OLD_CHARACTER_SET_RESULTS=@@CHARACTER_SET_RESULTS */;
/*!40101 SET @OLD_COLLATION_CONNECTION=@@COLLATION_CONNECTION */;
/*!40101 SET NAMES utf8mb4 */;

--
-- Database: `ecom_store`
--

-- --------------------------------------------------------

--
-- Table structure for table `admins`
--

CREATE TABLE `admins` (
  `admin_id` int(10) NOT NULL,
  `admin_name` varchar(255) NOT NULL,
  `admin_email` varchar(255) NOT NULL,
  `admin_pass` varchar(255) NOT NULL,
  `admin_image` text NOT NULL,
  `admin_country` text NOT NULL,
  `admin_about` text NOT NULL,
  `admin_contact` varchar(255) NOT NULL,
  `admin_job` varchar(255) NOT NULL
) ENGINE=InnoDB DEFAULT CHARSET=latin1;

--
-- Dumping data for table `admins`
--

INSERT INTO `admins` (`admin_id`, `admin_name`, `admin_email`, `admin_pass`, `admin_image`, `admin_country`, `admin_about`, `admin_contact`, `admin_job`) VALUES
(2, 'Muntaaha Rahman', 'muntaaha@gmail.com', '123456', 'tatiana-saphira.jpg', 'Indonesia', 'Change the about description for Tatiana from chelsea Islan', '+8801849112288', 'LOL'),
(4, 'Shahreen Juie', 'juie@gmail', '123456', 'Nozomi_Sasaki-.jpg', 'Japan', 'Lorem ipsum dolor sit amet, consectetur adipisicing elit. Qui illum debitis dolorum ducimus aut maiores veritatis illo doloremque quibusdam placeat quod velit laudantium eligendi sunt et optio, harum in suscipit.', '+8801821729408', 'LOL'),
(5, 'Ifrath Mukta', 'mukta@gmail', '123456', 'iko.png', 'Indonesia', 'This is for IKO', '+8801821729408', 'LOL');

-- --------------------------------------------------------

--
-- Table structure for table `cart`
--

CREATE TABLE `cart` (
  `p_id` int(10) NOT NULL,
  `ip_add` varchar(255) NOT NULL,
  `qty` int(10) NOT NULL,
  `size` text NOT NULL
) ENGINE=InnoDB DEFAULT CHARSET=latin1;

-- --------------------------------------------------------

--
-- Table structure for table `categories`
--

CREATE TABLE `categories` (
  `cat_id` int(10) NOT NULL,
  `cat_title` text NOT NULL
) ENGINE=InnoDB DEFAULT CHARSET=latin1;

--
-- Dumping data for table `categories`
--

INSERT INTO `categories` (`cat_id`, `cat_title`) VALUES
(2, ' Women '),
(3, 'Kids'),
(4, 'Other'),
(5, ' Apparel for Men '),
(6, ' Apparel for Women '),
(7, ' Raw Products '),
(8, '  Home & Gardening  '),
(9, 'Tools'),
(10, ' Craft Materials '),
(11, ' Jewelry & Accessories '),
(12, ' Nakshi Kantha '),
(13, ' Beauty & Health '),
(14, 'Cellphone & Telecommunication'),
(15, ' Shoe ');

-- --------------------------------------------------------

--
-- Table structure for table `customers`
--

CREATE TABLE `customers` (
  `customer_id` int(10) NOT NULL,
  `customer_name` varchar(255) NOT NULL,
  `customer_email` varchar(255) NOT NULL,
  `customer_pass` varchar(255) NOT NULL,
  `customer_country` text NOT NULL,
  `customer_city` text NOT NULL,
  `customer_contact` varchar(255) NOT NULL,
  `customer_address` text NOT NULL,
  `customer_image` text NOT NULL,
  `customer_ip` varchar(100) NOT NULL
) ENGINE=InnoDB DEFAULT CHARSET=latin1;

--
-- Dumping data for table `customers`
--

INSERT INTO `customers` (`customer_id`, `customer_name`, `customer_email`, `customer_pass`, `customer_country`, `customer_city`, `customer_contact`, `customer_address`, `customer_image`, `customer_ip`) VALUES
(5, 'Rianti', 'Riannti@gmail.com', 'rianti123', 'India', 'Calcuta', '8891822', 'Anywhere you want', 'member1.jpg', '::1'),
(6, 'James Bono', 'jamesbono@gmail.com', 'james1123', 'England', 'London', '555-2255-222', 'Hyde Park', 'member2.jpg', '::1'),
(7, 'Jabin', 'Jabin@gmail.com', '12345', 'bd', 'dhaka', '0151542735', 'uttara', 'diulogo.png', '::1');

-- --------------------------------------------------------

--
-- Table structure for table `customer_orders`
--

CREATE TABLE `customer_orders` (
  `order_id` int(10) NOT NULL,
  `customer_id` int(10) NOT NULL,
  `due_amount` int(100) NOT NULL,
  `invoice_no` int(100) NOT NULL,
  `qty` int(10) NOT NULL,
  `size` text NOT NULL,
  `order_date` date NOT NULL,
  `order_status` text NOT NULL
) ENGINE=InnoDB DEFAULT CHARSET=latin1;

--
-- Dumping data for table `customer_orders`
--

INSERT INTO `customer_orders` (`order_id`, `customer_id`, `due_amount`, `invoice_no`, `qty`, `size`, `order_date`, `order_status`) VALUES
(11, 6, 300, 206863956, 1, 'Small', '2019-02-06', 'Complete'),
(12, 6, 10, 206863956, 1, 'Small', '2019-02-06', 'Complete'),
(13, 7, 166, 2002430815, 1, '', '2020-02-06', 'pending'),
(14, 7, 20, 2002430815, 2, 'Medium', '2020-02-06', 'pending');

-- --------------------------------------------------------

--
-- Table structure for table `payments`
--

CREATE TABLE `payments` (
  `payment_id` int(10) NOT NULL,
  `invoice_no` int(10) NOT NULL,
  `amount` int(10) NOT NULL,
  `payment_mode` text NOT NULL,
  `ref_no` int(10) NOT NULL,
  `code` int(10) NOT NULL,
  `payment_date` text NOT NULL
) ENGINE=InnoDB DEFAULT CHARSET=latin1;

--
-- Dumping data for table `payments`
--

INSERT INTO `payments` (`payment_id`, `invoice_no`, `amount`, `payment_mode`, `ref_no`, `code`, `payment_date`) VALUES
(6, 206863956, 10, 'Western Union', 123123, 321321, '02-09-2019');

-- --------------------------------------------------------

--
-- Table structure for table `pending_orders`
--

CREATE TABLE `pending_orders` (
  `order_id` int(10) NOT NULL,
  `customer_id` int(10) NOT NULL,
  `invoice_no` int(10) NOT NULL,
  `product_id` text NOT NULL,
  `qty` int(10) NOT NULL,
  `size` text NOT NULL,
  `order_status` text NOT NULL
) ENGINE=InnoDB DEFAULT CHARSET=latin1;

--
-- Dumping data for table `pending_orders`
--

INSERT INTO `pending_orders` (`order_id`, `customer_id`, `invoice_no`, `product_id`, `qty`, `size`, `order_status`) VALUES
(9, 6, 206863956, '10', 1, 'Small', 'pending'),
(10, 6, 206863956, '15', 1, 'Small', 'pending'),
(11, 7, 2002430815, '9', 1, '', 'pending'),
(12, 7, 2002430815, '15', 2, 'Medium', 'pending');

-- --------------------------------------------------------

--
-- Table structure for table `products`
--

CREATE TABLE `products` (
  `product_id` int(10) NOT NULL,
  `p_cat_id` int(10) NOT NULL,
  `cat_id` int(10) NOT NULL,
  `seller` varchar(200) NOT NULL,
  `date` timestamp NOT NULL DEFAULT CURRENT_TIMESTAMP ON UPDATE CURRENT_TIMESTAMP,
  `product_title` text NOT NULL,
  `product_img1` text NOT NULL,
  `product_img2` text NOT NULL,
  `product_img3` text NOT NULL,
  `product_price` int(10) NOT NULL,
  `product_keywords` text NOT NULL,
  `product_desc` text NOT NULL
) ENGINE=InnoDB DEFAULT CHARSET=latin1;

--
-- Dumping data for table `products`
--

INSERT INTO `products` (`product_id`, `p_cat_id`, `cat_id`, `seller`, `date`, `product_title`, `product_img1`, `product_img2`, `product_img3`, `product_price`, `product_keywords`, `product_desc`) VALUES
(1, 1, 2, '', '2018-10-15 09:20:12', 'Tokichoi Front Pocket Collared Dress', 'product_front.jpg', 'product-back.jpg', 'product_hang.jpg', 66, 'Dress', '<p>Lorem ipsum dolor sit amet, consectetur adipisicing elit. Sapiente, dolorem tempore deleniti delectus numquam quam magni quidem veniam sequi nostrum sed eaque. Reiciendis quisquam totam nobis corrupti ullam at debitis!</p>'),
(2, 4, 3, '', '2018-10-18 18:27:12', 'Boys Puffer Coat With Detachable Hood', 'boys-Puffer-Coat-With-Detachable-Hood-1.jpg', 'boys-Puffer-Coat-With-Detachable-Hood-2.jpg', 'boys-Puffer-Coat-With-Detachable-Hood-3.jpg', 121, 'Hood', '<p>Lorem ipsum dolor sit amet, consectetur adipisicing elit. Tenetur cupiditate animi, voluptas neque quasi qui unde fuga porro vero magnam maiores optio amet quos temporibus? Amet saepe fugit nostrum a?</p>'),
(3, 5, 2, '', '2018-10-18 18:29:33', 'Girl Polos T-Shirt', 'g-polos-tshirt-1.jpg', 'g-polos-tshirt-2.jpg', '', 55, 'Shirt', '<p>Lorem ipsum dolor sit amet, consectetur adipisicing elit. Tenetur cupiditate animi, voluptas neque quasi qui unde fuga porro vero magnam maiores optio amet quos temporibus? Amet saepe fugit nostrum a?</p>'),
(4, 1, 1, '', '2018-10-18 18:31:29', 'Man Geox Winter Jacket', 'Man-Geox-Winter-jacket-1.jpg', 'Man-Geox-Winter-jacket-2.jpg', 'Man-Geox-Winter-jacket-3.jpg', 100, 'Snake Skin', '<p>Lorem ipsum dolor sit amet, consectetur adipisicing elit. Tenetur cupiditate animi, voluptas neque quasi qui unde fuga porro vero magnam maiores optio amet quos temporibus? Amet saepe fugit nostrum a?</p>'),
(5, 1, 2, '', '2018-10-18 18:32:37', 'Women Red Winter Jacket', 'Red-Winter-jacket-1.jpg', 'Red-Winter-jacket-2.jpg', 'Red-Winter-jacket-3.jpg', 103, 'Korean Jacket', '<p>Lorem ipsum dolor sit amet, consectetur adipisicing elit. Tenetur cupiditate animi, voluptas neque quasi qui unde fuga porro vero magnam maiores optio amet quos temporibus? Amet saepe fugit nostrum a?</p>'),
(6, 4, 2, '', '2018-10-18 18:33:44', 'Woman Waxed Cotton Coat', 'waxed-cotton-coat-woman-1.jpg', 'waxed-cotton-coat-woman-2.jpg', 'waxed-cotton-coat-woman-3.jpg', 211, 'Cotton', '<p>Lorem ipsum dolor sit amet, consectetur adipisicing elit. Tenetur cupiditate animi, voluptas neque quasi qui unde fuga porro vero magnam maiores optio amet quos temporibus? Amet saepe fugit nostrum a?</p>'),
(7, 3, 2, '', '2018-10-18 18:34:52', 'High Heels Pantofel Brukat', 'High Heels Women Pantofel Brukat-1.jpg', 'High Heels Women Pantofel Brukat-2.jpg', 'High Heels Women Pantofel Brukat-3.jpg', 45, 'High Heel', '<p>Lorem ipsum dolor sit amet, consectetur adipisicing elit. Tenetur cupiditate animi, voluptas neque quasi qui unde fuga porro vero magnam maiores optio amet quos temporibus? Amet saepe fugit nostrum a?</p>'),
(8, 3, 1, '', '2018-10-18 18:35:45', 'Adidas Suarez Slop On', 'Man-Adidas-Suarez-Slop-On-1.jpg', 'Man-Adidas-Suarez-Slop-On-2.jpg', 'Man-Adidas-Suarez-Slop-On-3.jpg', 51, 'Adidas Suarez', '<p>Lorem ipsum dolor sit amet, consectetur adipisicing elit. Tenetur cupiditate animi, voluptas neque quasi qui unde fuga porro vero magnam maiores optio amet quos temporibus? Amet saepe fugit nostrum a?</p>'),
(9, 2, 1, '', '2018-10-18 18:36:50', 'Mont Blanc Belt Man', 'Mont-Blanc-Belt-man-1.jpg', 'Mont-Blanc-Belt-man-2.jpg', 'Mont-Blanc-Belt-man-3.jpg', 166, 'Belt', '<p>Lorem ipsum dolor sit amet, consectetur adipisicing elit. Tenetur cupiditate animi, voluptas neque quasi qui unde fuga porro vero magnam maiores optio amet quos temporibus? Amet saepe fugit nostrum a?</p>'),
(10, 2, 2, '', '2018-10-18 18:37:37', 'Diamond Heart Ring', 'women-diamond-heart-ring-1.jpg', 'women-diamond-heart-ring-2.jpg', 'women-diamond-heart-ring-3.jpg', 300, 'Ring', '<p>Lorem ipsum dolor sit amet, consectetur adipisicing elit. Tenetur cupiditate animi, voluptas neque quasi qui unde fuga porro vero magnam maiores optio amet quos temporibus? Amet saepe fugit nostrum a?</p>'),
(11, 5, 1, '', '2018-10-28 13:01:06', 'Grey Man T-Shirt', 'grey-man-1.jpg', 'grey-man-2.jpg', 'grey-man-3.jpg', 50, 'Casual', '<p>Lorem ipsum dolor sit amet, consectetur adipisicing elit. Quasi rem nemo, autem at ad temporibus, maiores ducimus sed quam enim reprehenderit distinctio similique debitis, quis corrupti est. Sed, rem, voluptatibus!</p>'),
(12, 5, 1, '', '2018-10-28 13:01:56', 'Man Polo Casual T-Shirt', 'Man-Polo-1.jpg', 'Man-Polo-2.jpg', 'Man-Polo-3.jpg', 45, 'Casual', '<p>Lorem ipsum dolor sit amet, consectetur adipisicing elit. Quasi rem nemo, autem at ad temporibus, maiores ducimus sed quam enim reprehenderit distinctio similique debitis, quis corrupti est. Sed, rem, voluptatibus!</p>'),
(13, 5, 1, '', '2018-10-28 13:02:40', 'Boy Polos T-Shirt', 'polos-tshirt-1.jpg', 'polos-tshirt-2.jpg', '', 40, 'Casual', '<p>Lorem ipsum dolor sit amet, consectetur adipisicing elit. Quasi rem nemo, autem at ad temporibus, maiores ducimus sed quam enim reprehenderit distinctio similique debitis, quis corrupti est. Sed, rem, voluptatibus!</p>'),
(14, 1, 1, '', '2018-10-28 13:03:50', 'Levi`s Trucker Jacket', 'levis-Trucker-Jacket.jpg', 'levis-Trucker-Jacket-2.jpg', 'levis-Trucker-Jacket-3.jpg', 98, 'Trucker', '<p>Lorem ipsum dolor sit amet, consectetur adipisicing elit. Quasi rem nemo, autem at ad temporibus, maiores ducimus sed quam enim reprehenderit distinctio similique debitis, quis corrupti est. Sed, rem, voluptatibus!</p>'),
(15, 2, 2, '', '2019-01-17 07:52:40', 'Hijab Girl New', 'hijab-anak-1.jpg', 'hijab-anak-2.jpg', 'hijab-anak-3.jpg', 10, 'Hijab Kids', '<p>This is just description for sampe product of hijab. And Cha cha cha And Cha cha cha And Cha cha cha And Cha cha cha And Cha cha cha And Cha cha cha And Cha cha cha And Cha cha cha And Cha cha cha And Cha cha cha And Cha cha cha</p>');

-- --------------------------------------------------------

--
-- Table structure for table `product_categories`
--

CREATE TABLE `product_categories` (
  `p_cat_id` int(10) NOT NULL,
  `p_cat_title` text NOT NULL,
  `categories` varchar(200) NOT NULL
) ENGINE=InnoDB DEFAULT CHARSET=latin1;

--
-- Dumping data for table `product_categories`
--

INSERT INTO `product_categories` (`p_cat_id`, `p_cat_title`, `categories`) VALUES
(1, ' Jackets Kulit', ''),
(2, 'Accessories', ''),
(3, 'Shoes', ''),
(4, 'Rain Coats ', ''),
(5, 'T-Shirt', ''),
(6, '     Panjabi     ', ''),
(7, '  Lungi', ''),
(8, 'Fatua', ''),
(9, 'Shirt', ''),
(10, 'T - Shirt', ''),
(11, 'Pant', ''),
(12, 'Sharee', ''),
(13, 'Salwar Kamiz', ''),
(14, 'Kurti', ''),
(15, 'Top', ''),
(16, 'Skirt', '');

-- --------------------------------------------------------

--
-- Table structure for table `sellers`
--

CREATE TABLE `sellers` (
  `seller_id` int(11) NOT NULL,
  `seller_name` varchar(200) NOT NULL,
  `seller_email` varchar(200) NOT NULL,
  `seller_image` text NOT NULL,
  `seller_password` varchar(200) NOT NULL,
  `seller_contact` varchar(200) NOT NULL,
  `seller_location` text NOT NULL,
  `company_name` varchar(200) NOT NULL,
  `business_type` date NOT NULL
) ENGINE=InnoDB DEFAULT CHARSET=latin1;

-- --------------------------------------------------------

--
-- Table structure for table `slider`
--

CREATE TABLE `slider` (
  `slide_id` int(10) NOT NULL,
  `slide_name` varchar(255) NOT NULL,
  `slide_image` text NOT NULL
) ENGINE=InnoDB DEFAULT CHARSET=latin1;

--
-- Dumping data for table `slider`
--

INSERT INTO `slider` (`slide_id`, `slide_name`, `slide_image`) VALUES
(8, 'Slide Number 6', 'slide-6.jpg'),
(9, 'Slide Number 7', 'slide-7.jpg'),
(10, 'Editing Slide Number 8', 'slide-5.jpg');

--
-- Indexes for dumped tables
--

--
-- Indexes for table `admins`
--
ALTER TABLE `admins`
  ADD PRIMARY KEY (`admin_id`);

--
-- Indexes for table `cart`
--
ALTER TABLE `cart`
  ADD PRIMARY KEY (`p_id`);

--
-- Indexes for table `categories`
--
ALTER TABLE `categories`
  ADD PRIMARY KEY (`cat_id`);

--
-- Indexes for table `customers`
--
ALTER TABLE `customers`
  ADD PRIMARY KEY (`customer_id`);

--
-- Indexes for table `customer_orders`
--
ALTER TABLE `customer_orders`
  ADD PRIMARY KEY (`order_id`);

--
-- Indexes for table `payments`
--
ALTER TABLE `payments`
  ADD PRIMARY KEY (`payment_id`);

--
-- Indexes for table `pending_orders`
--
ALTER TABLE `pending_orders`
  ADD PRIMARY KEY (`order_id`);

--
-- Indexes for table `products`
--
ALTER TABLE `products`
  ADD PRIMARY KEY (`product_id`);

--
-- Indexes for table `product_categories`
--
ALTER TABLE `product_categories`
  ADD PRIMARY KEY (`p_cat_id`);

--
-- Indexes for table `sellers`
--
ALTER TABLE `sellers`
  ADD PRIMARY KEY (`seller_id`);

--
-- Indexes for table `slider`
--
ALTER TABLE `slider`
  ADD PRIMARY KEY (`slide_id`);

--
-- AUTO_INCREMENT for dumped tables
--

--
-- AUTO_INCREMENT for table `admins`
--
ALTER TABLE `admins`
  MODIFY `admin_id` int(10) NOT NULL AUTO_INCREMENT, AUTO_INCREMENT=6;

--
-- AUTO_INCREMENT for table `categories`
--
ALTER TABLE `categories`
  MODIFY `cat_id` int(10) NOT NULL AUTO_INCREMENT, AUTO_INCREMENT=16;

--
-- AUTO_INCREMENT for table `customers`
--
ALTER TABLE `customers`
  MODIFY `customer_id` int(10) NOT NULL AUTO_INCREMENT, AUTO_INCREMENT=8;

--
-- AUTO_INCREMENT for table `customer_orders`
--
ALTER TABLE `customer_orders`
  MODIFY `order_id` int(10) NOT NULL AUTO_INCREMENT, AUTO_INCREMENT=15;

--
-- AUTO_INCREMENT for table `payments`
--
ALTER TABLE `payments`
  MODIFY `payment_id` int(10) NOT NULL AUTO_INCREMENT, AUTO_INCREMENT=7;

--
-- AUTO_INCREMENT for table `pending_orders`
--
ALTER TABLE `pending_orders`
  MODIFY `order_id` int(10) NOT NULL AUTO_INCREMENT, AUTO_INCREMENT=13;

--
-- AUTO_INCREMENT for table `products`
--
ALTER TABLE `products`
  MODIFY `product_id` int(10) NOT NULL AUTO_INCREMENT, AUTO_INCREMENT=16;

--
-- AUTO_INCREMENT for table `product_categories`
--
ALTER TABLE `product_categories`
  MODIFY `p_cat_id` int(10) NOT NULL AUTO_INCREMENT, AUTO_INCREMENT=17;

--
-- AUTO_INCREMENT for table `sellers`
--
ALTER TABLE `sellers`
  MODIFY `seller_id` int(11) NOT NULL AUTO_INCREMENT;

--
-- AUTO_INCREMENT for table `slider`
--
ALTER TABLE `slider`
  MODIFY `slide_id` int(10) NOT NULL AUTO_INCREMENT, AUTO_INCREMENT=11;
COMMIT;

/*!40101 SET CHARACTER_SET_CLIENT=@OLD_CHARACTER_SET_CLIENT */;
/*!40101 SET CHARACTER_SET_RESULTS=@OLD_CHARACTER_SET_RESULTS */;
/*!40101 SET COLLATION_CONNECTION=@OLD_COLLATION_CONNECTION */;
